200713649,20260918
200662237,20261231
200721711,20261215
200662237,20261231
200724841,20261231
200662237,20261231
200662237,20261231
200739963,20261231
200739721,20261201
100226966,20261130
200745496,20261231
200753708,20261231
200674767,20261231
200756753,20261231
200757066,20261231
200774476,20260930
200775013,20261108
200772058,20261231
200790257,20261130
200788970,20261230
200789054,20261130
200789054,20261130
200790257,20261130
200796808,20261230
200779530,20261108
200779530,20261108
200798394,20261130
200798394,20261130
200636767,20261206
200789580,20261207
200788970,20261230
200796808,20261230
200788970,20261230
200789580,20261207
200788970,20261230
200798394,20261130
200636767,20261206
200768708,20260906
200696761,20261231
200796808,20261230
200789490,20260930
200820450,20260930
200817113,20260930
200831184,20260930
200820450,20260930
200829360,20260930
200825849,20261230
200831184,20260930
200840139,20261231
200841125,20261231
200809103,20260930
200820645,20261031
200845997,20261128
200820645,20261031
200831184,20260930
200843139,20261231
200699401,20261208
200825849,20261230
200825527,20260905
200839474,20261231
200809103,20260930
200820645,20261031
200847517,20261231
200851931,20260930
200831184,20260930
200809103,20260930
200840139,20261231
200829360,20260930
200838146,20261208
200850022,20260930
200826235,20260930
200853568,20260930
200826235,20260930
200846369,20260905
200685000,20260930
200696761,20261231
200856934,20260930
200872713,20260909
200876592,20260930
200865756,20261001
200873511,20261208
200867439,20260920
200865756,20261001
200873924,20261128
200879386,20260930
200654328,20261231
200709139,20260930
200878298,20260909
200881857,20260930
200881573,20260930
200881820,20260930
200730937,20260930
200893055,20260930
200890833,20270513
200881836,20260930
200834829,20260917
200880198,20260930
200897720,20260930
200798375,20260920
200893999,20260905
200897327,20260930
200493076,20260905
200763544,20260905
200892496,20260930
200895281,20261014
200892752,20260930
200898966,20260930
200897506,20260910
200882854,20261030
200901022,20260905
200851792,20260905
200898612,20260905
200901031,20260905
200746076,20260905
200861070,20260930
200898294,20260930
200702804,20260930
200888579,20261031
200901865,20260905
200902088,20260905
200856144,20261230
200902301,20261005
200900558,20260930
200902097,20260905
200739635,20261231
200899650,20260917
200899504,20261231
200900435,20260911
200902367,20260905
200902603,20260905
200871699,20260905
200900011,20260930
200899674,20260915
200898950,20260930
200892881,20260905
200899751,20260930
200900269,20260905
200739635,20261231
200902588,20260905
200902596,20260905
200896286,20260930
200902723,20260905
200900457,20260930
200901879,20260905
200763544,20260905
200902011,20261031
200902088,20260905
200902588,20260905
200903041,20260906
200902097,20260905
200902822,20260930
200902960,20260905
200856144,20261230
200901918,20260930
200696761,20261231
200897633,20260930
200900435,20260911
200899307,20260915
200895519,20261031
200882085,20260905
200901709,20260930
200904267,20260905
200902395,20261230
200901825,20260905
200897013,20260930
200900716,20260910
200892367,20260930
200902908,20261031
200902391,20260905
200902717,20260905
200902390,20260905
200899626,20260930
200894935,20270831
200903957,20260906
200894657,20260930
200787514,20260907
200904899,20260907
200901146,20260905
200898735,20260930
200901605,20260905
200905204,20260907
200901662,20260905
200784607,20260907
200901825,20260905
200903728,20260907
200577926,20260930
200903045,20260905
200904511,20260908
200903073,20260905
200904629,20260905
200781638,20260905
200903877,20261009
200904259,20260905
200903036,20260930
200902926,20260905
200905178,20260930
200902742,20260905
200903158,20260930
200903432,20260906
200812463,20260907
200904996,20260905
200904505,20260905
200872221,20261001
200904486,20260907
200904228,20260905
200904898,20260907
200904289,20260906
200902848,20260905
200901003,20260930
200904024,20260907
200905504,20260907
200902519,20260906
200894251,20260930
200901759,20260930
200905130,20260907
200903512,20260905
200901908,20260905
200901662,20260905
200902008,20260905
200895485,20260907
200861070,20260930
200880016,20260926
200905021,20260907
200905957,20260907
200729336,20261030
200837045,20260915
200905686,20260905
200903890,20260906
200904324,20260906
200905440,20260907
200904051,20260930
200904145,20260930
200905996,20261006
200733397,20260906
200904629,20260905
200905185,20260907
200905389,20260910
200903403,20260906
200901239,20260930
100200202,20260906
200905807,20260908
200872221,20261001
200874375,20260907
200905852,20260908
200904898,20260907
200899067,20260930
200353452,20260905
200818783,20260930
200901538,20260905
200906688,20260906
200905241,20260907
200906686,20260914
200899415,20260905
200906890,20260910
200901904,20260905
200817426,20260905
200904067,20260915
200901908,20260905
200902445,20260905
200901624,20260905
200904698,20260930
200902395,20261230
200904267,20260905
200905204,20260907
200906268,20260915
200900716,20260910
200901908,20260905
200878843,20261030
200906444,20260911
200903589,20260906
200905241,20260907
200901875,20260905
200906890,20260910
200805564,20260910
200702544,20261030
200899626,20260930
200906226,20260907
200593630,20260930
200906431,20260905
200906676,20260910
200903510,20260907
200902341,20260909
200898354,20260930
200903589,20260906
200907492,20260907
200862228,20261130
200905047,20260905
200899067,20260930
200907694,20260910
200905882,20260930
200906715,20260910
200904931,20260908
200903439,20260914
200907793,20260907
200901908,20260905
200887101,20260930
200904473,20260907
200899626,20260930
200905495,20260907
200872221,20261001
200907000,20260915
200893108,20261031
200906975,20260910
200904473,20260907
200901896,20261008
200622083,20260911
200906657,20260930
200904765,20260907
200905172,20261130
200897703,20260914
200902631,20260905
200908125,20260915
200902679,20260905
200906409,20260921
200851156,20260915
200907570,20260911
200905101,20260910
200906589,20260910
200903562,20260905
200903589,20260906
200898354,20260930
200906100,20260905
200907754,20260930
200867063,20260930
200863817,20260930
200908100,20260930
200848635,20260910
200900552,20260905
200907222,20260910
200897395,20260906
200905694,20260905
200890833,20270513
200906134,20260910
200905504,20260907
200907792,20260912
200898008,20260921
200904794,20261007
200902577,20260930
200907793,20260907
200902391,20260905
200790396,20260928
200900716,20260910
200905071,20260905
200905204,20260907
200907881,20260930
200905495,20260907
200906884,20260910
200906242,20260905
200900727,20260916
200904882,20260911
200872221,20261001
200904289,20260906
200904702,20260907
200880016,20260926
200782661,20260915
200904492,20260907
200907337,20260910
200906531,20260906
200907674,20260909
200904495,20260905
200907737,20260930
200908205,20260911
200905546,20260905
200904963,20260905
200907668,20260909
200908299,20260930
200905283,20260905
200903957,20260906
200905142,20260907
200908125,20260915
200907475,20260911
200906574,20260911
200903190,20260906
200906893,20260930
200892879,20260905
200906341,20260910
200805564,20260910
200903728,20260907
200907217,20260911
200907274,20260911
200907782,20260921
200714734,20260905
200902768,20261101
200901461,20260905
200900438,20260914
200907245,20260905
200906902,20260910
200906895,20260909
200901605,20260905
200901303,20260915
200904985,20260907
200905280,20260905
200906421,20260910
200907743,20260911
200445214,20260908
200897395,20260906
200906231,20260921
200866871,20260905
200907029,20260906
200906243,20260910
200907383,20260911
200903387,20260906
200905095,20261018
200906942,20260911
200353452,20260905
200907870,20260905
200903053,20260905
200907881,20260930
200784607,20260907
200907663,20260905
200905908,20260906
200908132,20260910
200904067,20260915
200902941,20260905
200906128,20260906
200680906,20260909
200907775,20260930
200904228,20260905
200868238,20260910
200907888,20260915
200904267,20260905
200666717,20260921
200905561,20260905
200903974,20260905
200890894,20260916
200902670,20260905
200902848,20260905
200908350,20260911
200906265,20260905
200907608,20260907
200906284,20260910
200905126,20260930
200902391,20260905
200907656,20260911
200907203,20260908
200907591,20260911
200902341,20260909
200905686,20260905
200896177,20260905
200907976,20260910
200765229,20260928
200907383,20260911
200268523,20261231
200854035,20260910
200807135,20260914
200899235,20260915
200902768,20261101
200904492,20260907
200909212,20260912
200906805,20260909
200904505,20260905
200903552,20260905
200908885,20260912
200904228,20260905
200903809,20260906
200907667,20260911
200878870,20260910
200896430,20260927
200905495,20260907
200901945,20260905
200909217,20260912
200908542,20260930
200908885,20260912
200895281,20261014
200907667,20260911
200906341,20260910
200872221,20261001
200678581,20261010
200906222,20260906
200678581,20261010
200908952,20260905
200872221,20261001
200906332,20260906
200908878,20260910
200907383,20260911
200905807,20260908
200906594,20260906
200906709,20260910
200907204,20260907
200908952,20260905
200904024,20260907
200904473,20260907
200894251,20260930
200908916,20260905
200908171,20260916
200907570,20260911
200907792,20260912
200908538,20260909
200845084,20260930
200907998,20260919
200903635,20260906
200862228,20261130
200906363,20260910
200906899,20260910
200905491,20260930
200905963,20260908
200867063,20260930
200906715,20260910
200907996,20260912
200908878,20260910
200900341,20260905
200909023,20260915
200903178,20260906
200896177,20260905
200902670,20260905
200896430,20260927
200908223,20260911
200902281,20260905
200907912,20261014
200907972,20260910
200906746,20260908
200906657,20260930
200906634,20260905
200907475,20260911
200902364,20260911
200906617,20260910
200907830,20260916
200903877,20261009
200907351,20260910
200908019,20260909
200907728,20260910
200906284,20260910
200908326,20260910
200907868,20260910
200908552,20260912
200909154,20260915
200903387,20260906
200897633,20260930
200908604,20260911
200905679,20260908
200907331,20260911
200908868,20260911
200908006,20260905
200907182,20260911
200907376,20260930
200906590,20260910
200908597,20260911
200907829,20260905
200909549,20260912
200908745,20260912
200902273,20260910
200906892,20260915
200908731,20260905
200895485,20260907
200908731,20260905
200908005,20260911
200908221,20260911
200907923,20260910
200906252,20260910
200906688,20260906
200905101,20260910
200906101,20260910
200906931,20260910
200907052,20260905
200892715,20260930
200909570,20260930
200904985,20260907
200898843,20260928
200908518,20260930
200894580,20261003
200906720,20260910
200906967,20260910
200898013,20260922
200766628,20260905
200908841,20260912
200908345,20260911
200901602,20260915
200909705,20260908
200909234,20260923
200904781,20260915
200900362,20260914
200901208,20260930
200908182,20260910
200908705,20260910
200905694,20260905
200907872,20260905
200906228,20260905
200909154,20260915
200908166,20260921
200908015,20260905
200909000,20260905
200907274,20260911
200891612,20260905
200904247,20260906
200904649,20261030
200908911,20260912
200907950,20260911
200909179,20260919
200907772,20260911
200906220,20260910
200866775,20260912
200905731,20260905
200907663,20260905
200909653,20260910
200908933,20260910
200907978,20260915
200906710,20260910
200880597,20260915
200907701,20260930
200907484,20260911
200905317,20260908
200907745,20260930
200908125,20260915
200909197,20260912
200903467,20260905
200910320,20260912
200907383,20260911
200904473,20260907
200666717,20260921
200905491,20260930
200901945,20260905
200622083,20260911
200903155,20260905
200911186,20260910
200906242,20260905
200904985,20260907
200906134,20260910
200911413,20260910
200910317,20260910
200906101,20260910
200910089,20260913
200832401,20260930
200911236,20261231
200901624,20260905
200908351,20260911
200907267,20260907
200910526,20260909
200886345,20260915
200905179,20260907
200911168,20260913
200909304,20260912
200895838,20260929
200910366,20260913
200907146,20260910
200906321,20260906
200909050,20260914
200909167,20260910
200906331,20261003
200729336,20261030
200909278,20260912
200908971,20260911
200911366,20260915
200909097,20260912
200908817,20260919
200911866,20260913
200908132,20260910
200909553,20260912
200910303,20260912
200882085,20260905
200908477,20260930
200910544,20260913
200910278,20260913
200887052,20260907
200910601,20260913
200907542,20260910
200910450,20260905
200909551,20260905
200908864,20260911
200884462,20260930
200904985,20260907
200910632,20260910
200911403,20260914
200910496,20260909
200904239,20260906
200909146,20260905
200908845,20260905
200909105,20260912
200906686,20260914
200903799,20260911
200908832,20260912
200909714,20260914
200908250,20260930
200909270,20260909
200910855,20260915
200905984,20260909
200902679,20260905
200908055,20260908
200906729,20260930
200907948,20260908
200907718,20260910
200905389,20260910
200907259,20260930
200906646,20260916
200903974,20260905
200899118,20260923
200911878,20260914
200909133,20260905
200905130,20260907
200905389,20260910
200910446,20260905
200910582,20260905
200905756,20260909
200900362,20260914
200908193,20260910
200910881,20260916
200907235,20260914
200910044,20260912
200876453,20260914
200911587,20260910
200909563,20260915
200880597,20260915
200904781,20260915
200904067,20260915
200908349,20260911
200910354,20260911
200909399,20260910
200800339,20260906
200905546,20260905
200908601,20260915
200910935,20260914
200909636,20260910
200908978,20260905
200910145,20260910
200899626,20260930
200911472,20260914
200907418,20260911
200805564,20260910
200910760,20260911
200908592,20260930
200847407,20260914
200902807,20260912
200908183,20260930
200911681,20260911
200906574,20260911
200909570,20260930
200905056,20260930
200866871,20260905
200908183,20260930
200910526,20260909
200907503,20260910
200910163,20260910
200910939,20260910
200910503,20260913
200910896,20261014
200908766,20260910
200911074,20260914
200910486,20260912
200907199,20260908
200910388,20260918
200910760,20260911
200910293,20260913
200908475,20260912
200910074,20260913
200911218,20260905
200911422,20260930
200910316,20260913
200910931,20260905
200911644,20260915
200910446,20260905
200910871,20260917
200910233,20260910
200909583,20260908
200776786,20260915
200670417,20260912
200668058,20261031
200892881,20260905
200904635,20260907
200909366,20260905
200856144,20261230
200908166,20260921
200909768,20261031
200904051,20260930
200905178,20260930
200910601,20260913
200911178,20260905
200911443,20260910
200910231,20260909
200909505,20260911
200910061,20260911
200909600,20260912
200907772,20260915
200776786,20260915
200908910,20260916
200910248,20260913
200910607,20260930
200898733,20260912
200911681,20260911
200910843,20260910
200877395,20260915
200907948,20260908
200903387,20260906
200908657,20260905
200406426,20260912
200909306,20260922
200910760,20260911
200908429,20260906
200902341,20260909
200900959,20260905
200910429,20260905
200909648,20260910
200905646,20260908
200908205,20260911
200910863,20260914
200910628,20260913
200907938,20260915
200909761,20260911
200909795,20260915
200909775,20260905
200805564,20260910
200910908,20260915
200910632,20260910
200909422,20260911
200818530,20260930
200882646,20260915
200907608,20260907
200908221,20260911
200902807,20260912
200911199,20260930
200901662,20260905
200908642,20260910
200906697,20260910
200909416,20260908
200909545,20260910
200910102,20260913
200908165,20260911
200907235,20260914
200911118,20260910
200899307,20260915
200908477,20260930
200905984,20260909
200910273,20260914
200903877,20261009
200911239,20260910
200907654,20260930
200911837,20260910
200906265,20260905
200909601,20260912
200910671,20260913
200909685,20260910
200905720,20260905
200905178,20260930
200910392,20260910
200905006,20260915
200909045,20261030
200910224,20260913
200910939,20260910
200902390,20260905
200910549,20260913
200910522,20260909
200910871,20260917
200907492,20260907
200875597,20260910
200907484,20260911
200905686,20260905
200910524,20260916
200906805,20260909
200907782,20260921
200907159,20260910
200910294,20260913
200911943,20260930
200884015,20260911
200907657,20260930
200912148,20260905
200887101,20260930
200911344,20260914
200907998,20260919
200911659,20261020
200909219,20260930
200406426,20260912
200906146,20260911
200765229,20260928
200909560,20260912
200844221,20260929
200909637,20260910
200910270,20260913
200901538,20260905
200810824,20261231
200908952,20260905
200898354,20260930
200904765,20260907
200908023,20260912
200909525,20260911
200910573,20260924
200910349,20260909
200907899,20260915
200911370,20260919
200908766,20260910
200908193,20260910
200911332,20260914
200910316,20260913
200911774,20260914
200906343,20260910
200911653,20260930
200909278,20260912
200910457,20260909
200911365,20260930
200911037,20260910
200895838,20260929
200908160,20260905
200911080,20260922
200911963,20260910
200900089,20260930
200906798,20260910
200909018,20260905
200908878,20260910
200903174,20260905
200911178,20260905
200910943,20260910
200901923,20260906
200909601,20260912
200909530,20260912
200831941,20260930
200904473,20260907
200912240,20260930
200905179,20260907
200908310,20260930
200907528,20260908
200906623,20260910
200912141,20260930
200909508,20260905
200902281,20260905
200910871,20260917
200887552,20260917
200905389,20260910
200907335,20260905
200909023,20260915
200910712,20260913
200907484,20260911
200890381,20260930
200908846,20260910
200905072,20260908
200907727,20260907
200903510,20260907
200890648,20260905
200910051,20260912
200906363,20260910
200910074,20260913
200907630,20260914
200862228,20261130
200910496,20260909
200904781,20260915
200847407,20260914
200907925,20260911
200895665,20260905
200910459,20260909
200909168,20260910
200909838,20260909
200909768,20261031
200911721,20260930
200912255,20260915
200910293,20260913
200901485,20260905
200905504,20260907
200907015,20260908
200911150,20260914
200905006,20260915
200908357,20260910
200905214,20260905
200910381,20260910
200907891,20260915
200908948,20260912
200908958,20260912
200910556,20260910
200911428,20260914
200898003,20260921
200908598,20260915
200912131,20260911
200911449,20260905
200910479,20260909
200912305,20260905
200912192,20260909
200827677,20260913
200910959,20260910
200912281,20260915
200903635,20260906
200848635,20260910
200891228,20260905
200884462,20260930
200911424,20260915
200908088,20260911
200900341,20260905
200904505,20260905
200902709,20260930
200765229,20260928
200908272,20260921
200909724,20261031
200905225,20260930
200902941,20260905
200910568,20260913
200910983,20260930
200910310,20260909
200909801,20260930
200898354,20260930
200876435,20260905
200910527,20260913
200908125,20260915
200909286,20260912
200908272,20260921
200907891,20260915
200906884,20260910
200911175,20260914
200910479,20260909
200909146,20260905
200910354,20260911
200886607,20260909
200910672,20261020
200907718,20260910
200903869,20260906
200905746,20261031
200911660,20260910
200905095,20261018
200907146,20260910
200799547,20260912
200909731,20260930
200909530,20260912
200905491,20260930
200908798,20260912
200900710,20260905
200904685,20260907
200906899,20260910
200907912,20261014
200911094,20260914
200910200,20260913
200905014,20260930
200769444,20260913
200905963,20260908
200908165,20260911
200690242,20261028
200910316,20260913
200807561,20260915
200909904,20260912
200906742,20260910
200890833,20270513
200901709,20260930
200911715,20260912
200907899,20260915
200893087,20260930
200904024,20260907
200904985,20260907
200902717,20260905
200907383,20260911
200904289,20260906
200890096,20260930
200903553,20260930
200906341,20260910
200386276,20260913
200909604,20260905
200911961,20260910
200907722,20260930
200901662,20260905
200897624,20260905
200909727,20260913
200911403,20260914
200777905,20260930
200904505,20260905
200906431,20260905
200896158,20260905
200911809,20260930
200909252,20260910
200905172,20261130
200905984,20260909
200908916,20260905
200909789,20260910
200912280,20260915
200905095,20261018
200909800,20260913
200910963,20260910
200910051,20260912
200911550,20260911
200907572,20260914
200896177,20260912
200912230,20260915
200910527,20260913
200904662,20260907
200907912,20261014
200911413,20260910
200910403,20260909
200911552,20260930
200910266,20260913
200911424,20260915
200885860,20260930
200908852,20260905
200881543,20260910
200907199,20260908
200906895,20260909
200899626,20260930
200907970,20260910
200908157,20260930
200908817,20260919
200866775,20260912
200907419,20261001
200905101,20260910
200907260,20260911
200908121,20260911
200865426,20260908
200848635,20260910
200906895,20260909
200902679,20260905
200907694,20260910
200906676,20260910
200912270,20260915
200902908,20261031
200907542,20260910
200906697,20260910
200817426,20260905
200911301,20260909
200909600,20260912
200912230,20260915
200907948,20260908
200912141,20260930
200909097,20260912
200907335,20260905
200908528,20260905
200904991,20260907
200906686,20260914
200907413,20260911
200909761,20260911
200912235,20260915
200908132,20260910
200909727,20260913
200906531,20260906
200908023,20260912
200911947,20260916
200909868,20260913
200904067,20260915
200874723,20260914
200910751,20260915
200905694,20260905
200903728,20260907
200911941,20260916
200908697,20260912
200907810,20260912
200911974,20260911
200910139,20260915
200910518,20260913
200904931,20260908
200899118,20260923
200906134,20260910
200912427,20260930
200907419,20261001
200856144,20261230
200909912,20260913
200911809,20260930
200912136,20260905
200909904,20260912
200904662,20260907
200886345,20260915
200908183,20260930
200907234,20260907
200912232,20260905
200911771,20260910
200907542,20260910
200910236,20260909
200909219,20260930
200907015,20260908
200874980,20260930
200911561,20260914
200910630,20260930
200910316,20260913
200912286,20260930
200906830,20260930
200911587,20260910
200906626,20260905
200909168,20260910
200908125,20260915
200905204,20260907
200908501,20260912
200911074,20260914
200912081,20260928
200909399,20260910
200911161,20260911
200909300,20260912
200908911,20260912
200911681,20260911
200906231,20260921
200910544,20260913
200909685,20260910
200870002,20260905
200905441,20260907
200908356,20261011
200901141,20260930
200910312,20260911
200899893,20260905
200910898,20260914
200910388,20260918
200911298,20260914
200900435,20260911
200409307,20260905
200912283,20260915
200910211,20260913
200909154,20260915
200911124,20260909
200911472,20260914
200908705,20260910
200909637,20260910
200912411,20260930
200909138,20260908
200909457,20260915
200909775,20260905
200910894,20260917
200910261,20260913
200912410,20260916
200906623,20260910
200893869,20260914
200903905,20260905
200909356,20260906
200910494,20260930
200910522,20260909
200905071,20260905
200908250,20260930
200897506,20260910
200909361,20260912
200909238,20261001
200831941,20260930
200909179,20260919
200906939,20260905
200904693,20260905
200910971,20260910
200903363,20260905
200905646,20260908
200910977,20260905
200910644,20260913
200909469,20260905
200904955,20260910
200910430,20260910
200911452,20260914
200909197,20260912
200905178,20260930
200912416,20260930
200905595,20260908
200910303,20260912
200912412,20260930
200907098,20260930
200908766,20260910
200902273,20260910
200908314,20260905
200910062,20260913
200909651,20260910
200910306,20260913
200910297,20260926
200909782,20260905
200911959,20260919
200910134,20260930
200911134,20260911
200910908,20260915
200910972,20260910
200910931,20260905
200907245,20260905
200908165,20260911
200912081,20260928
200904931,20260908
200865426,20260908
200900812,20260905
200909308,20260911
200908242,20260905
200910319,20260913
200905493,20260910
200817426,20260905
200911767,20260914
200911541,20260930
200907337,20260910
200910935,20260914
200909560,20260912
200907656,20260911
200909014,20260916
200905389,20260910
200885910,20260913
200908801,20260908
200910273,20260914
200911944,20260916
200907419,20261001
200908193,20260910
200911681,20260911
200910928,20260911
200907745,20260930
200911963,20260910
200882085,20260905
200907694,20260910
200895485,20260907
200909532,20260912
200912194,20260925
200906626,20260905
200909245,20260910
200910747,20260930
200911814,20260910
200908564,20260912
200910459,20260909
200902000,20260905
200872221,20261001
200721957,20260911
200910266,20260913
200901896,20261008
200911110,20260905
200909024,20260915
200911715,20260912
200901063,20260905
200880536,20260905
200906146,20260911
200910917,20260914
200911813,20260905
200903209,20260908
200911150,20260914
200903611,20260906
200666717,20260921
200911550,20260911
200908206,20260930
200906222,20260906
200910631,20260915
200905491,20260930
200911546,20260905
200891228,20260905
200911653,20260930
200904289,20260906
200911192,20261020
200910556,20260910
200903635,20260906
200910936,20260914
200902848,20260905
200906215,20260910
200908100,20260930
200904882,20260911
200906987,20261030
200909724,20261031
200912172,20260916
200910672,20261020
200907467,20260911
200911949,20260915
200910941,20260914
200905374,20260921
200909757,20260909
200910349,20260909
200905697,20260908
200910983,20260930
200907793,20260907
200907162,20260930
200911209,20261130
200907656,20260911
200910145,20260910
200901825,20260905
200907657,20260930
200910904,20260930
200905283,20260905
200907259,20260930
200912131,20260911
200913558,20260910
200909782,20260905
200913104,20260922
200904239,20260906
200912949,20260915
200881445,20260915
200906623,20260910
200911917,20260930
200902273,20260910
200911344,20260914
200910074,20260913
200859803,20260914
200907984,20260911
200905681,20260905
200910750,20260915
200903573,20261031
200904996,20260905
200905317,20260908
200912847,20260917
200900362,20260914
200908657,20260905
200911959,20260919
200908139,20260911
200910429,20260905
200906723,20260930
200910760,20260911
200856144,20261230
200909529,20260912
200911068,20260930
200913180,20260917
200912166,20260912
200913315,20260916
200905595,20260908
200909197,20260912
200909551,20260905
200911461,20260914
200865220,20260913
200912391,20260905
200910251,20260912
200913023,20260917
200780742,20260914
200913100,20260917
200904900,20260930
200903418,20261031
200912890,20260921
200894251,20260930
200901063,20260905
200389034,20260912
200907792,20260912
200907925,20260911
200909023,20260915
200910917,20260914
200912973,20260930
200890096,20260930
200907972,20260910
200912873,20260914
200911192,20261020
200905746,20261031
200799547,20260912
200908031,20260910
200911550,20260911
200912279,20260915
200901910,20260905
200902848,20260905
200912606,20260917
200911110,20260905
200905374,20260921
200906805,20260909
200896430,20260927
200750855,20260930
200899339,20260915
200872820,20260910
200909850,20260913
200906111,20260905
200906363,20260910
200911653,20260930
200906657,20260930
200906651,20260930
200912941,20260917
200905031,20260911
200907570,20260911
200905214,20260905
200910631,20260915
200912596,20260915
200913335,20260917
200911965,20260919
200906277,20260906
200904882,20260911
200907265,20260908
200912784,20260914
200908166,20260921
200908299,20260930
200909399,20260910
200905175,20260912
200903825,20260907
200911171,20260915
200899118,20260923
200913333,20260914
200911366,20260915
200912961,20260917
200902941,20260905
200907973,20260930
200838886,20260908
200912985,20260914
200898294,20260930
200907754,20260930
200905731,20260905
200913279,20260930
200913354,20260917
200907591,20260911
200912858,20260913
200914394,20260915
200912141,20260930
200866775,20260912
200911734,20260911
200905021,20260907
200902679,20260905
200908980,20260917
200910630,20260930
200909263,20260912
200911057,20260919
200886345,20260915
200908499,20260912
200909714,20260914
200914144,20260920
200914444,20260922
200907255,20260911
200909447,20260905
200911959,20260919
200831274,20260917
200904662,20260907
200913113,20260905
200909518,20260930
200907192,20260930
200912865,20260905
200909368,20260905
200874980,20260930
200913165,20260919
200894925,20260930
200914194,20261231
200911413,20260910
200914520,20260916
200911681,20260911
200911846,20260914
200914771,20260920
200910048,20260913
200913176,20260915
200911073,20260915
200913436,20260906
200908856,20260910
200911681,20260911
200913758,20260915
200893410,20260910
200904912,20260907
200911461,20260914
200908550,20260910
200910892,20260917
200913401,20260917
200911917,20260930
200821028,20260917
200912909,20260915
200753368,20260915
200913315,20260916
200910974,20260910
200912542,20260905
200901825,20260905
200914627,20260918
200886738,20260913
200881816,20260911
200914740,20260914
200913351,20260917
200905006,20260915
200914046,20260910
200911590,20260930
200912977,20260916
200912770,20260913
200911339,20260910
200913448,20260917
200911472,20260914
200907638,20260908
200910211,20260913
200913242,20260916
200910584,20260919
200914170,20260915
200910532,20260914
200912881,20260930
200912501,20260930
200913184,20260915
200818530,20260915
200913590,20260915
200914192,20260930
200860204,20261230
200910674,20261008
200908741,20260908
200910047,20260913
200909705,20260908
200912885,20260905
200904965,20260906
200911287,20260925
200909245,20260910
200908055,20260908
200915032,20260915
200911936,20260915
200903728,20260907
200912976,20260917
200912502,20260920
200910347,20260905
200903248,20260911
200915010,20260915
200914738,20260917
200912418,20260930
200915880,20260930
200913875,20260915
200913279,20260930
200912081,20260928
200910286,20260915
200915852,20260930
200913959,20260919
200906427,20260910
200916256,20260915
200910928,20260911
200911734,20260911
200902807,20260912
200915466,20260917
200907331,20260911
200885322,20260930
200909033,20260915
200909252,20260910
200894479,20260905
200895665,20260905
200913455,20260913
200894925,20260930
200907260,20260911
200912858,20260913
200865426,20260908
200907029,20260906
200912366,20260919
200912563,20260914
200911501,20260910
200901624,20260905
200912985,20260914
200907192,20260930
200905178,20260930
200905204,20260907
200910354,20260911
200910875,20260915
200901709,20260930
200916192,20260905
200913014,20260930
200913968,20260918
200910047,20260913
200911472,20260914
200672362,20261130
200909234,20260923
200914390,20260930
200914247,20260909
200913919,20260914
200909838,20260909
200911700,20260905
200909705,20260908
200906766,20260909
200909197,20260912
200915402,20260919
200915245,20260911
200913783,20260930
200897663,20260915
200908844,20260918
200914092,20260915
200913840,20260913
200915897,20260915
200909685,20260910
200910543,20260930
200916251,20261130
200897633,20260930
200906975,20260910
200222865,20260930
200908205,20260911
200883300,20260930
200887656,20260919
200914058,20260918
200903234,20260905
200913765,20260917
200760807,20260909
200913721,20260923
200910243,20260909
200915767,20260919
200914192,20260930
200915567,20260920
200915933,20260930
200915959,20260919
200913484,20260917
200903446,20260905
200909775,20260905
200910972,20260910
200913340,20260916
200913907,20260917
200835672,20260930
200902341,20260909
200915673,20260920
200906331,20261003
200914627,20260915
200914237,20260915
200899307,20260915
200915393,20260919
200910898,20260914
200913892,20260918
200913126,20260913
200911339,20260910
200915248,20260915
200917026,20260916
200874546,20260916
200913384,20260915
200916058,20260916
200913182,20260921
200917164,20260930
200907772,20260915
200915933,20260930
200914700,20260915
200914195,20260930
200917124,20260915
200917276,20260930
200907938,20260915
200912410,20260916
200909179,20260919
200916409,20260920
200912166,20260912
200916101,20260919
200917095,20260930
200916000,20260920
200907654,20260930
200913926,20260918
200908477,20260915
200916821,20260923
200910892,20260917
200906321,20260906
200915273,20260919
200914118,20260930
200792975,20260930
200841059,20260930
200899500,20261005
200905681,20260905
200904370,20260930
200909234,20260923
200838456,20260917
200910860,20260921
200911955,20260913
200916323,20260928
200915639,20260920
200915824,20260930
200916082,20260930
200888424,20260910
200908205,20260911
200916677,20260917
200917406,20260906
200916606,20260916
200913014,20260930
200916514,20260920
200916128,20260905
200908846,20260910
200912225,20260915
200915939,20260914
200916189,20260919
200910158,20260910
200845629,20260911
200915130,20260923
200913913,20260915
200914724,20260917
200913023,20260917
200916311,20260905
200668058,20261031
200911949,20260915
200912272,20260915
200916438,20260920
200903869,20260906
200776113,20260906
200908952,20260905
200910266,20260913
200915642,20260919
200909154,20260915
200841405,20260913
200916637,20260915
200907528,20260908
200905807,20260908
200906099,20260930
200904794,20261007
200910432,20260909
200914648,20260930
200916297,20260919
200900716,20260910
200917189,20260916
200912513,20260917
200908004,20260930
200909024,20260915
200909790,20260913
200907940,20260911
200904882,20260911
200624485,20260930
200916413,20260915
200678581,20261010
200906137,20260905
200822497,20260920
200915151,20260914
200886607,20260909
200874754,20260930
200904595,20260905
200908542,20260930
200916087,20260919
200807561,20260915
200914269,20260906
200913839,20260915
200915395,20260917
200905491,20260930
200915538,20260919
200907591,20260911
200897624,20260905
200911530,20260915
200914867,20260919
100187015,20260930
200914940,20260930
200915617,20260930
200907388,20260912
200915623,20260919
200904492,20260907
200915300,20260917
200826024,20260915
200885860,20260930
200904486,20260907
200908878,20260910
200916491,20260905
200916658,20260923
200915310,20260930
200913176,20260915
200907492,20260907
200909368,20260910
200916819,20260916
200902390,20260905
200913094,20260924
200913301,20260915
200912270,20260915
200915452,20260915
200908910,20260916
200917160,20260930
200898239,20260913
200906343,20260930
200908299,20260930
200916499,20260917
200918593,20260915
200910319,20260913
200912992,20260915
200917781,20260918
200902661,20260906
200917723,20260918
200911255,20260910
200913900,20260930
200910354,20260911
200909518,20260930
200915038,20260915
200877965,20260914
200901146,20260905
200902679,20260905
200905027,20260905
200916845,20260920
200912078,20260905
200916846,20260920
200910071,20260930
200903553,20260930
200914437,20260914
200905860,20260905
200915346,20260930
200912682,20260918
200910573,20260924
200909422,20260911
200836263,20261231
200917853,20260920
200910928,20260911
200915442,20260930
200883216,20260920
200912266,20260915
200905959,20260910
200915621,20260919
200907294,20260915
200911168,20260913
200917369,20260911
200907335,20260905
200913129,20260905
200917294,20260916
200916566,20260905
200910155,20260913
200907146,20260910
200917582,20260920
200901903,20261005
200912503,20260924
200918517,20260925
200917668,20260920
200914664,20260915
200917173,20260930
200914713,20260905
200910366,20260913
200910630,20260930
200915491,20260905
200916969,20260912
200916225,20260907
200917684,20260930
200917294,20260916
200918002,20260915
200912136,20260905
200906225,20260930
200917919,20260921
200915277,20260930
200917935,20260928
200914086,20260918
200909447,20260905
200918078,20261031
200386276,20260913
200917720,20260921
200914047,20260915
200914332,20260915
200907834,20260915
200909219,20260930
200918344,20260922
200913165,20260919
200916397,20260930
200910139,20260915
200916168,20260915
200904484,20260907
200913160,20260917
200913752,20260915
200917776,20260905
200917959,20260905
200910889,20260915
200911413,20260910
200914483,20260918
200913314,20260918
200914282,20260918
200912784,20260914
200907260,20260911
200917518,20260916
200905241,20260907
200912954,20260920
200914444,20260922
200909518,20260930
200909563,20260915
200905982,20260909
200903190,20260906
200906140,20260910
200819611,20260930
200911660,20260910
200913279,20260930
200916376,20260905
200889003,20261003
200917021,20260920
200917863,20260930
200916688,20260923
200915400,20260917
200918478,20260921
200878389,20260910
200906242,20260905
200905694,20260905
200915466,20260917
200898804,20260911
200851705,20260930
200907396,20260908
200915761,20260916
200917502,20260917
200912232,20260905
200912563,20260914
200910920,20260910
200892707,20260930
200916602,20260915
200912784,20260914
200916657,20260916
200916175,20260919
200883216,20260920
200912373,20260930
200915317,20260916
200907782,20260921
200913204,20260905
200918517,20260925
200903620,20260909
200918577,20260917
200918016,20260920
200910319,20260913
200908949,20260905
200913165,20260919
200750855,20260930
200890592,20260905
200902391,20260905
200914735,20260916
200903272,20260910
200847443,20260921
200562800,20260912
200914047,20260915
200917582,20260920
200917166,20260930
200887831,20260916
200914738,20260917
200907810,20260912
200914332,20260915
200907029,20260906
200910155,20260913
200918951,20260929
200916161,20260916
200911556,20260930
200910889,20260915
200907834,20260915
200914666,20260911
200904635,20260916
200907973,20260930
200915154,20260930
200906671,20261230
200902008,20260905
200909904,20260912
200917045,20260920
200911697,20260912
200917734,20260920
200917071,20260930
200915187,20260915
200917919,20260921
200912673,20260918
200916598,20260905
200666717,20260921
200912276,20260913
200914779,20260914
200914257,20260915
200913081,20260923
200917979,20260921
200864295,20260926
200914312,20260918
200911212,20260914
200914988,20260920
200915296,20260917
200916245,20260917
200913103,20260917
200908206,20260930
200911192,20261020
200918533,20260905
200918632,20260922
200798905,20260908
200907793,20260907
200914041,20260915
200907881,20260930
200908551,20260912
200874375,20260907
200314057,20260905
200915642,20260919
200909794,20260913
200907976,20260910
200914145,20260918
200917221,20260930
200913070,20260919
200914473,20260920
200898354,20260930
200913982,20260905
200913729,20260918
200907570,20260911
200915901,20260916
200916920,20260916
200909154,20260915
200826024,20260915
200907159,20260910
200721957,20260911
200918320,20260921
200917013,20260928
200887882,20260917
200917474,20260929
200918161,20260930
200914701,20260930
200389034,20260912
200906651,20260930
200910180,20260910
200887196,20260918
200903439,20260914
200909532,20260912
200605794,20260930
200914640,20260910
200913042,20260930
200918671,20260923
200779818,20260919
200908310,20260930
200886607,20260909
200622083,20260911
200917256,20260916
200913467,20260914
200915052,20260916
200910302,20260910
200902519,20260906
200913498,20260913
200917347,20260922
200918295,20260910
200917847,20260923
200909074,20260922
200918113,20260921
200911681,20260911
200916590,20260905
200917991,20260921
200910061,20260911
200919147,20260930
200859803,20260922
200909059,20260915
200916730,20260916
200918882,20260930
200917450,20260906
200918727,20260930
200914138,20260905
200917709,20260920
200916792,20260919
200884280,20260919
200913172,20260913
200917585,20260921
200909696,20260930
200915885,20260906
200916174,20260930
200917454,20260919
200914222,20260914
200918554,20260919
200919221,20260915
200914058,20260918
200907772,20260915
200879740,20260906
200917464,20260920
200917302,20260919
200916180,20260916
200918972,20260921
200909381,20260908
200918636,20260930
200909705,20260908
200918693,20260919
200917643,20260927
200912847,20260917
200910145,20260910
200918244,20261031
200918932,20260922
200910477,20260913
200896286,20260930
200910062,20260913
200914528,20260918
200915939,20260914
200910904,20260930
200899893,20260905
200917794,20260930
200910243,20260909
200908139,20260911
200909167,20260910
200916776,20260930
200918360,20260905
200907656,20260911
200906975,20260910
200910971,20260910
200913794,20260915
200911700,20260905
200841174,20260908
200896148,20260925
200903387,20260906
200914195,20260930
200916826,20260919
200918394,20260920
200918135,20260922
200914528,20260918
200908910,20260916
200912724,20260915
200913510,20260913
200810659,20260921
200917503,20260920
200910139,20260915
200910391,20260910
200903957,20260906
200917720,20260921
200912985,20260914
200915317,20260916
200912551,20260917
200912366,20260919
200913900,20260930
200908160,20260905
200916866,20260908
200913279,20260930
200916565,20260915
200910935,20260914
200909270,20260909
200910889,20260915
200909304,20260912
200915843,20260930
200914387,20260905
200915442,20260930
200856144,20261230
200910051,20260912
200915894,20260908
200906427,20260910
200902008,20260905
200905756,20260909
200914040,20260918
200909133,20260905
200899118,20260923
200908244,20260905
200916616,20260915
200907234,20260907
200916168,20260915
200915400,20260917
200912170,20260913
200916666,20260930
200902390,20260905
200908121,20260911
200917280,20260930
200800339,20260906
200905241,20260907
200912373,20260930
200916307,20260920
200919097,20260923
200914836,20260917
200917908,20260921
200916889,20260919
200915629,20260923
200909439,20260908
200917166,20260930
200911882,20260914
200910181,20260913
200914282,20260918
200908193,20260910
200907962,20260912
200913185,20260921
200903728,20260907
200916333,20260920
200905982,20260909
200911734,20260911
200904698,20260930
200907591,20260911
200917853,20260920
200899270,20260915
200911212,20260914
200918619,20260921
200913113,20260905
200908121,20260911
200914216,20260914
200386276,20260913
200920020,20260924
200918777,20260905
200915442,20260930
200919011,20260918
200912194,20260925
200915621,20260919
200911809,20260930
200915356,20260930
200908429,20260906
200911530,20260915
200917045,20260920
200910391,20260910
200906427,20260910
200597653,20260908
200914387,20260905
200915145,20260922
200910235,20260914
200908295,20260910
200911449,20260917
200914851,20260917
200915278,20260930
200912232,20260905
200918694,20260925
200917720,20260921
200907335,20260905
200919058,20260911
200903907,20260912
200918704,20260919
200916596,20260920
200894479,20260905
200915196,20260920
200911943,20260930
200917206,20260915
200913200,20260917
200913900,20260930
200912992,20260915
200916889,20260919
200903728,20260907
200917294,20260916
200918575,20260920
200916451,20260920
200885322,20260930
200908697,20260912
200910286,20260915
200902679,20260905
200907206,20260911
200908160,20260905
200919836,20260915
200913588,20260915
200913301,20260915
200916497,20260905
200910963,20260910
200917787,20260905
200901458,20260905
200918508,20260905
200894925,20260930
200917684,20260930
200912692,20260913
200907754,20260930
200910889,20260915
200907059,20260930
200909896,20260913
200912266,20260915
200260347,20260916
200911370,20260919
200908287,20260930
200918671,20260923
200913301,20260915
200915221,20260930
200919859,20260920
200915922,20260919
200851705,20260930
200907962,20260912
200909077,20260930
200911882,20260914
200919412,20260924
200913588,20260915
200915442,20260930
200914611,20260910
200917418,20260915
200908980,20260917
200917518,20261030
200911488,20260913
200916850,20260908
200905957,20260907
200899270,20260915
200260347,20260916
200918797,20260926
200913465,20260905
200920031,20260905
200919682,20260910
200910889,20260915
200906671,20261230
200917971,20260921
200914006,20260930
200919036,20261031
200909081,20260916
200897703,20260922
200911300,20260914
200914023,20260919
200912502,20260920
200918171,20260930
200919968,20260907
200906427,20260910
200917259,20260915
200903957,20260906
200916168,20260915
200907656,20260911
200909126,20260908
200847443,20260921
200912518,20260914
200910860,20260921
200915330,20260914
200911692,20260910
200915466,20260917
200908244,20260905
200886452,20260920
200908132,20260910
200915880,20260930
200919503,20260918
200887831,20260916
200917045,20260920
200916128,20260905
200911556,20260930
200909518,20260930
200915507,20260916
200913475,20260917
200909033,20260915
200908528,20260905
200918442,20260918
200910242,20260910
200907834,20260915
200916451,20260920
200908165,20260911
200906128,20260906
200905982,20260909
200915317,20260916
200918774,20260930
200918319,20260921
200881543,20260910
200920860,20260927
200910227,20260913
200916118,20260930
200918832,20260914
200913050,20260915
200911539,20261020
200721957,20260911
200907976,20260910
200914619,20260910
200913909,20260917
200912871,20260917
200909790,20260913
200911550,20260911
200898354,20260930
200915217,20260919
200847649,20260915
200903209,20260908
200918416,20260923
200909813,20260913
200899999,20260918
200882082,20260913
200911447,20260914
200915623,20260919
200914640,20260910
200892047,20260930
200917564,20261031
200889042,20260930
200917285,20260920
200917452,20260905
200884462,20260930
200915041,20260930
200920431,20260910
200918859,20260930
200816540,20260907
200914981,20260920
200914791,20260918
200916542,20260930
200912941,20260917
200921604,20260924
200914648,20260930
200892049,20260930
200909212,20260912
200842652,20260910
200901257,20261003
200915730,20260924
200913946,20260918
200919455,20260920
200918320,20260921
200910672,20261020
200918632,20260922
200921298,20260908
200889177,20260905
200882669,20260908
200913021,20260930
200910107,20260914
200917971,20260921
200912279,20260915
200908530,20260915
200913878,20260915
200909530,20260912
200914288,20260918
200916857,20260920
200906594,20260906
200906657,20260930
200911417,20261001
200914184,20260918
200913335,20260917
200840329,20260920
200910270,20260913
200914751,20260905
200910983,20260930
200841405,20260913
200919725,20260930
200915052,20260916
200919666,20260930
200916491,20260905
200915210,20260905
200903552,20260905
200910266,20260913
200919443,20260930
200916666,20260930
200905221,20260930
200912585,20260917
200906638,20260907
200917007,20260920
200917979,20260921
200919611,20260923
200907820,20260916
200912222,20260930
200873301,20260924
200916567,20260905
200907383,20260911
200916764,20260930
200910270,20260913
200860218,20260930
200906651,20260930
200914418,20260918
200903589,20260906
200912659,20260914
200858112,20261020
200913256,20260915
200921275,20260921
200913581,20260913
200919536,20260924
200911965,20260919
200913103,20260917
200908292,20260910
200902848,20260905
200920969,20260925
200911539,20261020
200918331,20260924
200912615,20260918
200917776,20260905
200920745,20260915
200919049,20260930
200917705,20260930
200911554,20260918
200918341,20260930
200916637,20260915
200921215,20260930
200889086,20260921
200912272,20260915
200911491,20260910
200876435,20260905
200918286,20260921
200918564,20260920
200917605,20260930
200917999,20260915
200916986,20260930
200917984,20260921
200889177,20260905
200914994,20260919
200910426,20260912
200889117,20260912
200912541,20260913
200920980,20260922
200911091,20260914
200910768,20260912
200915395,20260917
200918318,20260921
200912540,20260905
200913071,20260926
200920874,20260925
200914996,20260920
200920572,20260930
200917716,20260930
200907976,20260910
200917349,20260930
200911094,20260914
200910917,20260914
200896168,20260905
200913996,20260910
200914630,20260917
200911712,20260930
200914052,20260905
200920975,20260925
200914473,20260920
200905127,20260907
200922430,20260926
200916395,20260916
200922662,20260930
200919780,20260910
200912194,20260925
200919550,20260919
200916867,20260917
200911963,20260910
200917366,20260911
200922169,20260926
200916078,20260918
200914567,20260905
200919955,20260921
200912992,20260915
200865426,20260908
200886345,20260915
200889384,20260923
200908697,20260912
200920491,20260915
200918621,20260929
200912814,20260908
200911809,20260930
200921945,20260930
200921831,20261003
200914475,20260922
200827677,20260913
200909077,20260930
200902391,20260905
200913094,20260924
200805564,20260910
200766877,20261031
200901485,20260915
200917173,20260930
200878843,20261030
200904662,20260907
200915356,20260930
200906531,20260906
200901531,20260930
200917684,20260930
200907015,20260908
200912108,20260919
200917672,20260918
200918936,20260922
200913900,20260930
200904991,20260907
200920606,20260925
200911449,20260919
200907234,20260907
200917045,20260920
200914613,20260915
200921102,20260925
200911552,20260930
200912596,20260915
200906626,20260905
200918797,20260926
200901709,20260930
200914444,20260922
200921600,20260925
200920526,20260926
200907782,20260921
200919988,20260915
200917908,20260921
200800339,20260906
200920981,20260930
200917600,20260918
200914340,20260917
200917641,20260915
200913752,20260915
200922426,20260928
200921773,20260912
200887831,20260916
200914394,20260915
200787501,20260927
200810659,20260921
200914256,20260915
200910071,20260930
200914226,20260915
200899270,20260915
200786831,20260916
200921276,20260930
200847443,20260921
200917160,20260930
200919705,20260920
200916333,20260920
200914979,20260920
200911523,20260912
200892049,20260930
200905899,20260905
200910270,20260913
200913946,20260918
200918671,20260923
200913089,20260916
200922668,20260912
200908530,20260915
200906332,20260906
200907570,20260911
200916637,20260915
200915639,20260920
200833546,20260910
200912303,20260912
200921261,20260930
200913421,20260920
200906933,20260910
200912883,20260914
200919394,20260914
200918136,20260921
200922250,20260924
200916246,20260916
200912950,20260918
200908292,20260910
200909437,20260906
200920783,20261030
200906444,20260911
200912129,20260917
200915664,20260930
200905852,20260908
200906702,20260907
200917984,20260921
200906300,20260909
200919349,20260927
200904765,20260907
200922256,20261003
200912298,20260915
200915980,20261031
200913070,20260919
200913074,20260926
200916939,20260920
200922678,20260924
200911426,20260910
200922163,20260930
200919501,20260918
200884462,20260930
200915722,20260915
200912863,20260905
200822497,20260920
200906170,20260912
200914704,20260915
200914273,20260907
200873301,20260924
200916840,20260920
200911022,20260916
200919894,20260915
200921044,20260922
200922475,20260922
200913581,20260913
200684489,20260921
200917814,20260921
200922728,20260906
200914071,20260920
200840387,20260930
200882082,20260913
200910768,20260912
200909813,20260913
200917564,20261031
200916567,20260905
200905108,20260910
200920503,20260910
200915378,20260930
200921191,20260907
200922051,20260915
200860218,20260930
200908564,20260912
200913985,20260912
200921210,20260925
200913050,20260915
200917452,20260905
200894590,20260915
200889658,20260930
200920817,20260930
200769415,20260915
200922162,20260930
200913944,20260930
200907268,20260923
200922395,20260923
200911798,20260914
200804192,20260915
200910605,20260913
200914565,20260930
200883619,20260918
200914326,20260905
200916843,20260905
200893044,20260909
200892615,20260909
200923698,20260930
200905499,20260905
200914446,20261231
200915883,20260918
200922628,20260924
200922484,20260920
200804197,20260915
200913768,20260930
200917601,20260919
200746076,20260905
200920424,20260930
200803509,20260915
200919742,20260925
200922068,20260925
200917161,20260905
200903041,20260906
200912885,20260905
200923784,20260922
200914547,20260914
200909847,20260910
200905006,20260915
200921509,20260925
200909074,20260922
200914528,20260918
200921722,20260922
200915922,20260919
200908675,20260908
200920569,20260923
200908477,20260915
200922440,20260930
200800492,20260909
200915771,20260919
200903342,20260905
200921482,20260914
200923692,20260930
200913182,20260921
200781123,20260920
200913498,20260913
200922635,20261010
200905317,20260908
200898548,20260919
200923143,20260930
200906126,20260927
200901141,20260930
200915805,20260930
200904239,20260906
200910881,20260916
200916323,20260928
200923675,20260930
200902341,20260909
200921775,20260914
200921319,20260930
200907928,20260907
200912597,20260914
200905441,20260907
200923343,20260906
200910777,20260930
200921799,20260923
200915352,20260919
200921795,20260923
200906410,20260907
200867787,20260915
200909356,20260906
200890394,20260917
200922664,20260926
200921582,20260915
200630299,20260930
200918000,20260910
200923704,20260916
200517376,20260925
200919873,20260910
200922287,20260929
200894588,20260915
200921322,20260912
200923138,20260930
200922601,20260930
200905441,20260907
200923623,20260927
200916323,20260928
200786743,20260926
200921125,20260920
200877395,20260915
200899751,20260930
200912891,20260918
200922327,20260908
200516853,20260915
200922003,20260930
200922182,20260919
200921895,20260923
200818530,20260915
200911958,20260913
200826460,20260916
200920885,20260906
200908705,20260910
200907239,20260930
200922519,20260926
200913453,20260913
200923752,20260915
200909782,20260905
200920343,20260930
200911339,20260910
200922395,20260923
200921772,20260930
200921708,20260922
200922724,20260912
200923069,20260917
200907737,20260930
200914420,20260918
200920642,20260912
200922063,20260926
200921509,20260925
200896835,20260930
200921903,20260922
200918721,20260905
200610082,20260924
200912080,20260920
200922162,20260930
200921179,20260930
200908766,20260910
200917816,20260920
200912546,20260905
200911847,20260912
200895869,20260915
200922949,20260915
200875546,20260915
200922682,20260930
200906129,20260924
200922166,20260907
200912176,20260911
200922319,20260908
200909381,20260908
200923783,20260922
200922665,20260910
200785347,20260908
200923698,20260930
200914971,20260922
200835253,20260915
200922082,20260925
200910651,20260915
200921707,20260922
200915781,20260919
200844098,20260928
200873551,20261006
200921811,20260915
200916055,20260929
200921689,20260912
200921324,20260912
200910692,20260912
200912830,20260905
200915395,20260917
200921648,20260930
200923924,20260905
200917280,20260930
200919755,20260924
200915296,20260917
200865740,20260930
200915623,20260919
200918671,20260923
200920446,20260921
200920471,20260921
200914867,20260919
200922469,20260928
200910479,20260909
200922242,20260924
200921271,20260908
200882082,20260913
200915798,20260915
200833546,20260910
200918286,20260921
200918416,20260923
200920239,20261023
200912659,20260914
200911028,20260916
200918054,20261031
200918301,20260921
200920712,20260930
200920124,20260923
200913421,20260920
200908340,20260911
200915021,20260915
200918769,20260914
200920860,20260927
200909794,20260913
200914269,20260906
200910859,20260915
200910043,20260913
200915217,20260919
200905513,20261128
200908031,20260910
200916637,20260915
200918994,20260930
200920548,20260925
200822497,20260920
200921733,20260930
200917999,20260915
200917327,20260920
200919431,20260930
200923510,20260927
200921311,20260927
200921631,20260930
200916492,20260925
200877057,20260921
200919035,20261031
200919894,20260915
200907575,20260907
200896716,20260909
200919049,20260930
200922258,20260927
200909188,20260908
200678581,20261010
200910349,20260909
200923168,20260930
200887882,20260917
200923908,20260930
200914075,20260930
200918036,20260917
200906746,20260908
200913049,20260915
200923998,20260930
200910910,20260905
200915252,20260915
200924530,20260930
200878337,20260907
200828903,20260911
200920538,20260923
200917672,20260918
200911037,20260910
200908292,20260910
200912298,20260915
200923847,20260928
200913946,20260918
200919847,20260930
200913761,20260905
200430580,20260918
200917100,20260920
200913900,20260930
200916242,20260914
200908942,20260913
200869640,20260908
200923461,20260924
200912992,20260915
200921865,20260906
200805564,20260910
200916093,20260915
200919659,20260912
200917679,20260918
200904392,20260914
200916788,20260923
200914249,20260918
200924825,20260925
200919809,20260912
200918593,20260915
200906225,20260930
200903190,20260906
200910630,20260930
200922648,20260925
200915292,20260905
200914567,20260905
200917259,20260915
200915187,20260915
200921826,20260905
200915800,20260915
200924006,20260915
200848635,20260910
200917561,20260921
200924761,20260916
200895583,20261015
200890186,20260915
200922545,20260926
200924844,20260930
200920532,20260910
200901372,20260905
200905241,20260907
200908697,20260912
200908839,20260908
200913762,20260912
200919682,20260910
200912724,20260915
200923109,20260926
200682572,20261030
200906973,20261031
200911259,20260912
200904484,20260907
200912270,20260915
200923416,20260927
200922740,20260910
200924812,20260928
200903755,20260905
200920020,20260924
200900002,20260905
200909133,20260905
200921046,20260922
200913267,20260907
200910044,20260912
200874723,20260914
200922967,20260912
200922140,20260930
200920598,20260925
200918176,20260930
200902390,20260905
200923222,20260921
200919611,20260923
200916823,20260921
200909062,20260918
200914023,20260919
200916405,20260917
200924848,20260928
200894294,20260924
200923271,20260923
200922805,20260910
200924377,20260930
200903512,20260905
200922404,20260930
200909157,20260914
200923965,20260930
200911943,20260930
200921853,20260906
200871893,20260906
200906671,20261230
200912503,20260924
200919975,20260914
200917019,20260919
200910039,20260926
200922703,20260917
200910381,20260910
200911255,20260910
200920757,20260910
200915218,20260919
200924862,20260930
200909163,20260908
200919086,20260920
200913204,20260905
200916333,20260920
200915144,20260930
200915509,20260930
200906140,20260910
200916847,20260922
200921360,20260909
200905127,20260907
200921533,20260919
200914664,20260915
200911697,20260912
200912251,20260912
200907810,20260918
200921876,20260905
200912896,20260916
200908942,20260913
200919510,20260915
200922884,20260930
200917166,20260930
200914404,20260917
200924347,20260917
200923039,20260906
200916378,20260909
200922264,20260926
200893668,20260905
200897256,20260930
200924807,20260910
200920757,20260910
200912860,20260905
200901277,20260918
200922191,20260926
200921144,20260912
200909300,20260912
200906729,20260930
200906676,20260910
200924006,20260915
200924374,20260921
200885672,20260913
200925081,20260925
200922483,20260915
200924534,20260924
200911370,20260919
200917378,20260930
200920548,20260925
200909800,20260913
200856144,20261230
200920403,20260905
200918797,20260926
200923305,20260927
200907396,20260914
200925248,20260914
200908053,20260908
200924423,20260912
200895094,20260930
200921196,20260930
200913900,20260930
200924547,20260928
200903957,20260906
200916348,20260915
200921752,20260907
200919309,20260921
200916050,20260919
200918618,20260922
200897461,20260930
200909014,20260916
200920450,20260922
200911492,20260925
200899118,20260923
200915218,20260919
200884173,20260923
200913875,20260915
200925227,20260919
200896733,20260930
200921445,20260909
200903553,20260930
200826460,20260916
200920480,20260915
200902391,20260905
200921927,20260910
200919188,20260915
200920827,20260930
200922515,20260926
200912724,20260915
200924836,20260928
200921945,20260930
200916331,20260914
200905262,20260908
200901575,20260908
200910273,20260914
200906343,20260930
200916072,20260918
200923049,20260930
200919297,20260926
200911501,20260910
200905204,20260907
200907335,20260930
200915904,20260905
200918344,20260922
200921862,20261026
200904965,20260906
200917134,20260919
200907029,20260906
200892119,20260925
200922069,20260906
200924761,20260916
200922126,20260912
200906975,20260910
200924378,20260930
200907199,20260908
200924862,20260930
200920404,20260905
200903639,20260910
200917679,20260918
200921054,20260914
200916673,20260917
200922400,20260930
200924812,20260928
200922486,20260915
200918783,20260915
200918157,20260921
200909371,20260914
200893736,20260908
200907962,20260912
200922741,20260906
200920829,20260929
200913052,20260911
200922792,20260926
200917816,20260920
200924636,20260908
200922632,20260906
200914442,20260918
200924223,20260910
200911837,20260910
200919953,20260930
200923405,20260907
200914548,20260915
200918921,20260930
200908846,20260910
200837978,20260915
200912891,20260918
200760807,20260909
200918544,20260905
200739503,20260915
200915781,20260919
200922870,20260930
200916470,20260916
200902512,20260906
200886738,20260913
200924901,20260925
200921780,20260923
200908705,20260910
200922932,20260910
200923143,20260930
200911678,20260915
200919738,20260924
200902507,20260906
200874733,20260914
200912544,20260914
200890467,20260906
200915451,20260930
200900776,20260906
200918219,20260905
200911838,20260912
200923796,20260930
200910233,20260910
200789977,20260910
200896493,20260914
200924651,20260930
200906967,20260910
200906644,20260911
200899751,20260930
200898083,20260908
200917320,20260915
200920569,20260923
200907484,20260911
200900435,20260911
200922679,20260930
200923784,20260922
200897736,20260906
200914170,20260915
200893869,20260914
200924648,20260908
200906320,20260916
200907984,20260911
200923931,20260930
200915939,20260914
200916528,20260915
200874772,20260915
200923099,20260915
200924704,20260925
200921115,20260925
200919635,20260919
200924697,20260930
200913754,20260922
200917983,20260910
200914056,20260915
200905287,20260908
200911847,20260912
200924647,20260922
200922284,20260926
200922864,20260930
200913498,20260913
200923393,20260907
200918443,20260917
200906344,20260911
200922287,20260929
200903041,20260906
200916130,20260918
200895883,20260915
200909529,20260912
200913453,20260913
200921656,20260930
200920326,20260930
200917729,20261021
200913529,20260914
200924387,20260930
200918189,20260914
200918005,20260910
200916290,20260919
200902313,20260909
200918721,20260905
200914592,20260922
200916677,20260917
200923780,20260922
200925097,20260930
200925101,20260925
200923647,20260919
200921895,20260923
200923796,20260930
200924898,20260924
200228421,20260919
200920822,20260914
200890549,20260906
200894588,20260915
200924019,20261006
200894596,20260915
200901825,20260905
200906410,20260907
200920043,20260924
200912977,20260916
200924310,20260930
200924684,20260930
200896538,20260914
200907239,20260930
200910314,20260915
200913346,20260920
200913027,20260914
200910674,20260916
200897363,20260930
200922860,20260930
200915771,20260919
200873113,20260915
200924441,20260915
200924263,20260926
200913336,20260914
200912790,20260922
200922792,20260926
200923708,20260920
200908705,20260910
200924449,20260930
200914596,20260922
200901404,20260905
200902775,20260906
200906321,20260906
200923201,20260924
200914586,20260918
200924442,20260915
200910089,20260913
200867601,20260914
200858409,20260914
200924709,20260930
200924462,20260915
200919374,20260920
200904996,20260905
200902077,20260911
200646483,20260911
200907663,20260905
200922448,20260926
200924602,20260926
200924675,20260924
200900306,20260930
200911777,20260914
200923673,20260930
200909821,20260914
200925265,20260911
200902424,20260906
200908139,20260911
200903611,20260906
200892432,20260914
200910904,20260930
200902341,20260909
200897427,20260910
200916783,20260922
200864245,20260915
200925303,20260906
200893632,20260910
200919297,20260926
200919478,20260915
200924697,20260930
200921712,20260922
200893314,20260930
200923420,20260907
200924772,20260925
200907275,20260930
200915212,20260905
200909551,20260922
200910074,20260913
200900142,20260906
200920779,20260907
200923794,20260923
200922929,20260910
200901407,20260905
200906956,20260911
200924808,20260908
200913014,20260930
200879746,20260906
200898083,20260908
200855157,20260920
200917643,20260927
200891203,20260906
200924216,20260910
200910610,20260930
200924206,20260910
200911837,20260910
200916774,20260914
200900776,20260906
200918542,20260918
200908149,20260911
200925264,20260910
200924036,20260924
200909843,20260930
200904063,20260907
200917733,20260917
200838410,20260906
200912298,20260915
200913467,20260919
200923998,20260930
200919532,20260924
200892049,20260930
200915617,20260930
200905324,20260916
200904702,20260907
200920899,20260930
200914701,20260930
200919565,20260924
200919829,20260910
200906709,20260910
200920783,20261030
200822497,20260920
200921625,20260925
200908530,20260915
200906444,20260911
200903754,20260907
200866711,20260930
200922680,20260930
200903836,20260907
200915173,20260916
200906933,20260910
200921386,20260918
200914818,20260930
200902341,20260909
200922208,20260930
200898260,20260925
200915300,20260917
200921430,20261031
200918072,20261030
200915052,20260916
200923932,20260930
200904486,20260907
200915750,20260930
200916240,20260915
200906214,20260907
200917672,20260918
200917533,20260920
200922077,20260923
200913946,20260918
200917971,20260921
200923168,20260930
200922985,20260918
200913318,20260917
200916009,20260919
200923634,20260928
200904383,20260906
200881820,20260930
200917605,20260930
200917518,20261030
200924635,20260929
200925104,20260915
200920503,20260910
200907040,20260905
200916602,20260915
200918036,20260917
200919049,20260930
200907575,20260907
200918136,20260921
200922952,20260927
200907947,20260907
200910313,20260909
200900692,20260905
200912258,20260914
200911417,20261001
200901201,20260905
200917189,20260916
200916155,20260915
200903589,20260906
200912606,20260917
200920038,20260925
200910692,20260912
200872828,20260906
200923944,20260930
200922274,20261031
200923282,20260923
200650149,20260930
200918577,20260917
200913081,20260923
200921604,20260924
200922020,20260921
200921999,20260926
200925295,20260930
200908664,20260915
200906122,20260911
200915021,20260915
200890473,20260914
200902848,20260905
200914648,20260930
200917221,20260930
200903244,20260907
200910321,20260919
200924680,20260925
200911426,20260910
200924306,20260930
200914776,20260905
200923755,20260924
200918206,20260930
200900351,20260905
200921296,20260930
200922277,20260930
200918148,20260921
200905245,20260908
200919455,20260920
200908467,20260909
200925460,20261004
200919650,20260920
200897251,20260930
200901660,20260910
200924848,20260928
200908295,20260910
200920691,20260925
200925430,20260905
200892119,20260925
200884643,20260918
200913200,20260917
200914652,20260916
200898745,20260906
200903646,20260907
200921884,20260906
200912994,20260905
200906177,20260919
200909232,20260905
200920860,20260927
200892049,20260930
200918286,20260921
200917792,20260930
200910460,20260909
200917305,20260915
200906425,20260910
200912546,20260905
200924339,20260928
200924691,20260930
200925653,20261006
200902805,20260906
200919857,20260923
200907608,20260907
200911832,20260912
200922284,20260926
200920642,20260912
200923341,20260915
200894748,20260914
200869020,20260913
200907530,20260914
200912272,20260915
200921074,20260914
200925468,20260928
200922086,20260905
200925422,20260930
200904505,20260905
200861377,20260930
200910882,20260910
200921425,20260930
200914347,20260917
200902797,20260907
200918219,20260905
200921050,20260925
200910145,20260910
200920141,20260905
200923610,20260930
200922858,20260930
200925653,20261006
200914875,20260930
200909065,20260914
200890543,20260906
200904996,20260905
200923719,20260916
200827310,20260912
200917643,20260927
200908205,20260930
200820148,20261004
200927464,20261002
200890394,20260917
200829029,20261003
200913892,20260918
200832724,20260907
200923692,20260930
200923372,20260930
200919920,20260930
200920569,20260923
200928314,20260907
200910877,20260918
200917491,20260922
200910893,20260910
